run,mutation,ddg_reu
2025-12-12_ddg_cart_one_mut_pose,S131A,-1.7170244080855355
2025-12-13_ddg_cart_mutlist_172303,S131A,-2.5770163913705346
2025-12-13_ddg_cart_mutlist_172303,D177N,2.2414059246207216
2025-12-13_ddg_cart_mutlist_172303,H208N,1.2993955447150256
2025-12-13_ddg_cart_mutlist_172303,D121G,10.46368233281305
2025-12-13_ddg_cart_mutlist_172303,A151F,17.895555265695975
2025-12-13_ddg_cart_mutlist_172303,R195F,-0.5524764244805738
2025-12-13_ddg_cart_mutlist_172303,S209L,-2.9435879652430685
2025-12-13_ddg_cart_mutlist_172303,W156V,3.4032189624676903
2025-12-13_ddg_cart_mutlist_172303,S131A,-2.5770163913705346
2025-12-13_ddg_cart_mutlist_172303,D177N,2.2414059246207216
2025-12-13_ddg_cart_mutlist_172303,H208N,1.2993955447150256
2025-12-13_ddg_cart_mutlist_172303,D121G,10.46368233281305
2025-12-13_ddg_cart_mutlist_172303,A151F,17.895555265695975
2025-12-13_ddg_cart_mutlist_172303,R195F,-0.5524764244805738
2025-12-13_ddg_cart_mutlist_172303,S209L,-2.9435879652430685
2025-12-13_ddg_cart_mutlist_172303,W156V,3.4032189624676903
